Epoch,Step,Global_Step,Loss
1,1,1,0.108828
1,2,2,0.568705
1,3,3,0.523729
1,4,4,0.310450
1,5,5,0.265387
1,6,6,0.257562
1,7,7,0.242464
1,8,8,0.228730
1,9,9,0.231122
1,10,10,0.224652
1,11,11,0.215802
1,12,12,0.210169
1,13,13,0.212061
1,14,14,0.207788
1,15,15,0.201371
1,16,16,0.197007
1,17,17,0.194693
1,18,18,0.192470
1,19,19,0.188523
1,20,20,0.186043
1,21,21,0.186422
1,22,22,0.184880
1,23,23,0.184813
1,24,24,0.181407
1,25,25,0.178737
1,26,26,0.177964
1,27,27,0.179314
1,28,28,0.173519
1,29,29,0.170698
1,30,30,0.169365
1,31,31,0.170097
1,32,32,0.168703
1,33,33,0.167600
1,34,34,0.165119
1,35,35,0.161141
1,36,36,0.163934
1,37,37,0.160633
1,38,38,0.161065
1,39,39,0.163065
1,40,40,0.158831
1,41,41,0.156559
1,42,42,0.156138
1,43,43,0.155558
1,44,44,0.151497
1,45,45,0.157576
1,46,46,0.157768
1,47,47,0.151958
1,48,48,0.150743
1,49,49,0.150745
1,50,50,0.147705
1,51,51,0.153840
1,52,52,0.148916
1,53,53,0.147090
1,54,54,0.152358
1,55,55,0.147273
1,56,56,0.148642
1,57,57,0.146422
1,58,58,0.146370
1,59,59,0.145840
1,60,60,0.146106
1,61,61,0.143435
1,62,62,0.141160
1,63,63,0.142533
1,64,64,0.142637
1,65,65,0.141294
1,66,66,0.142041
1,67,67,0.138529
1,68,68,0.140161
1,69,69,0.141701
1,70,70,0.138723
1,71,71,0.141296
1,72,72,0.142082
1,73,73,0.136898
1,74,74,0.136916
1,75,75,0.138464
1,76,76,0.136047
1,77,77,0.136872
1,78,78,0.134925
1,79,79,0.130760
1,80,80,0.135931
1,81,81,0.136857
1,82,82,0.136198
1,83,83,0.130566
1,84,84,0.132091
1,85,85,0.130438
1,86,86,0.130495
1,87,87,0.131616
1,88,88,0.132418
1,89,89,0.130036
1,90,90,0.133344
1,91,91,0.128430
1,92,92,0.126217
1,93,93,0.129017
1,94,94,0.123903
1,95,95,0.129546
1,96,96,0.127710
1,97,97,0.130008
1,98,98,0.127023
1,99,99,0.128614
1,100,100,0.125835
1,101,101,0.126633
1,102,102,0.126931
1,103,103,0.126398
1,104,104,0.124462
1,105,105,0.127895
1,106,106,0.128750
1,107,107,0.129068
1,108,108,0.129311
1,109,109,0.125595
1,110,110,0.123627
1,111,111,0.125053
1,112,112,0.126127
1,113,113,0.122952
1,114,114,0.124010
1,115,115,0.127202
1,116,116,0.123237
1,117,117,0.130261
1,118,118,0.124705
1,119,119,0.121798
1,120,120,0.123612
1,121,121,0.124940
1,122,122,0.121746
1,123,123,0.125533
1,124,124,0.122891
1,125,125,0.120250
1,126,126,0.122481
1,127,127,0.122658
1,128,128,0.122558
1,129,129,0.123230
1,130,130,0.118601
1,131,131,0.119495
1,132,132,0.121561
1,133,133,0.119826
1,134,134,0.125298
1,135,135,0.122152
1,136,136,0.118930
1,137,137,0.119052
1,138,138,0.116407
1,139,139,0.120327
1,140,140,0.119554
1,141,141,0.121548
1,142,142,0.117302
1,143,143,0.118959
1,144,144,0.119801
1,145,145,0.120689
1,146,146,0.115779
1,147,147,0.119697
1,148,148,0.123769
1,149,149,0.121094
1,150,150,0.120954
1,151,151,0.117964
1,152,152,0.118968
1,153,153,0.118932
1,154,154,0.115806
1,155,155,0.120793
1,156,156,0.119672
1,157,157,0.118847
1,158,158,0.117991
1,159,159,0.115087
1,160,160,0.115357
1,161,161,0.119172
1,162,162,0.118698
1,163,163,0.118864
1,164,164,0.121134
1,165,165,0.121158
1,166,166,0.118431
1,167,167,0.118182
1,168,168,0.118560
1,169,169,0.118132
1,170,170,0.118514
1,171,171,0.117681
1,172,172,0.117049
1,173,173,0.116244
1,174,174,0.116289
1,175,175,0.115406
1,176,176,0.116048
1,177,177,0.119965
1,178,178,0.118960
1,179,179,0.117746
1,180,180,0.116718
1,181,181,0.117705
1,182,182,0.117183
1,183,183,0.119039
1,184,184,0.121749
1,185,185,0.120809
1,186,186,0.118210
1,187,187,0.115099
1,188,188,0.116755
1,189,189,0.117961
1,190,190,0.116735
1,191,191,0.117017
1,192,192,0.116332
1,193,193,0.118820
1,194,194,0.113428
1,195,195,0.114381
1,196,196,0.113335
1,197,197,0.117856
1,198,198,0.115937
1,199,199,0.114111
1,200,200,0.116050
1,201,201,0.114308
1,202,202,0.114923
1,203,203,0.117861
1,204,204,0.115969
1,205,205,0.115551
1,206,206,0.122530
1,207,207,0.127570
1,208,208,0.131918
1,209,209,0.123516
1,210,210,0.129919
1,211,211,0.126291
1,212,212,0.124771
1,213,213,0.126283
1,214,214,0.120658
1,215,215,0.120311
1,216,216,0.120587
1,217,217,0.114571
1,218,218,0.119427
1,219,219,0.122443
1,220,220,0.118407
1,221,221,0.116180
1,222,222,0.117423
1,223,223,0.115566
1,224,224,0.116427
1,225,225,0.115834
1,226,226,0.117346
1,227,227,0.114316
1,228,228,0.115617
1,229,229,0.116534
1,230,230,0.118326
1,231,231,0.114334
1,232,232,0.117566
1,233,233,0.115808
1,234,234,0.117389
1,235,235,0.115428
1,236,236,0.112719
1,237,237,0.121240
1,238,238,0.114569
1,239,239,0.113041
1,240,240,0.114789
1,241,241,0.120128
1,242,242,0.115538
1,243,243,0.113521
1,244,244,0.110511
1,245,245,0.113415
1,246,246,0.119441
1,247,247,0.118194
1,248,248,0.115227
1,249,249,0.115706
1,250,250,0.113779
1,251,251,0.111366
1,252,252,0.111810
1,253,253,0.114341
1,254,254,0.112424
1,255,255,0.115654
1,256,256,0.116905
1,257,257,0.112561
1,258,258,0.114217
1,259,259,0.113591
1,260,260,0.113645
1,261,261,0.113825
1,262,262,0.111704
1,263,263,0.113835
1,264,264,0.118256
1,265,265,0.118567
1,266,266,0.112868
1,267,267,0.114011
1,268,268,0.114516
1,269,269,0.115431
1,270,270,0.113042
1,271,271,0.115955
1,272,272,0.110363
1,273,273,0.117823
1,274,274,0.113287
1,275,275,0.112503
1,276,276,0.113988
1,277,277,0.115455
1,278,278,0.113440
1,279,279,0.112203
1,280,280,0.111790
1,281,281,0.114248
1,282,282,0.114620
1,283,283,0.115303
1,284,284,0.113827
1,285,285,0.112236
1,286,286,0.112162
1,287,287,0.111600
1,288,288,0.115735
1,289,289,0.112771
1,290,290,0.114875
1,291,291,0.112787
1,292,292,0.113593
1,293,293,0.114355
1,294,294,0.114848
1,295,295,0.113540
1,296,296,0.114480
1,297,297,0.113282
1,298,298,0.115014
1,299,299,0.114853
1,300,300,0.113219
1,301,301,0.115560
1,302,302,0.113544
1,303,303,0.113046
1,304,304,0.112607
1,305,305,0.114133
1,306,306,0.115073
1,307,307,0.115184
1,308,308,0.114977
1,309,309,0.112229
1,310,310,0.110123
1,311,311,0.112043
1,312,312,0.114595
1,313,313,0.113734
1,314,314,0.113404
1,315,315,0.113646
1,316,316,0.111007
1,317,317,0.113595
1,318,318,0.115412
1,319,319,0.113084
1,320,320,0.116499
1,321,321,0.111964
1,322,322,0.111685
1,323,323,0.115348
1,324,324,0.111787
1,325,325,0.111340
1,326,326,0.116209
1,327,327,0.114181
1,328,328,0.111943
1,329,329,0.115144
1,330,330,0.113953
1,331,331,0.112475
1,332,332,0.114300
1,333,333,0.116641
1,334,334,0.112010
1,335,335,0.113159
1,336,336,0.115206
1,337,337,0.108654
1,338,338,0.115800
1,339,339,0.119709
1,340,340,0.113174
1,341,341,0.111761
1,342,342,0.116491
1,343,343,0.114908
1,344,344,0.113397
1,345,345,0.112472
1,346,346,0.113221
1,347,347,0.111518
1,348,348,0.112380
1,349,349,0.114306
1,350,350,0.114276
1,351,351,0.115230
1,352,352,0.115208
1,353,353,0.115731
1,354,354,0.116597
1,355,355,0.113654
1,356,356,0.112186
1,357,357,0.120352
1,358,358,0.113895
1,359,359,0.117979
1,360,360,0.114659
1,361,361,0.113705
1,362,362,0.115052
1,363,363,0.113417
1,364,364,0.112352
1,365,365,0.114404
1,366,366,0.113005
1,367,367,0.115526
1,368,368,0.115345
1,369,369,0.112200
1,370,370,0.112241
1,371,371,0.111314
1,372,372,0.111929
1,373,373,0.114974
1,374,374,0.112345
1,375,375,0.113604
1,376,376,0.110383
1,377,377,0.110803
1,378,378,0.114648
1,379,379,0.113517
1,380,380,0.113205
1,381,381,0.112046
1,382,382,0.112112
1,383,383,0.114215
1,384,384,0.113176
1,385,385,0.113598
1,386,386,0.112093
1,387,387,0.113587
1,388,388,0.110576
1,389,389,0.112448
1,390,390,0.112049
1,391,391,0.114255
1,392,392,0.113637
1,393,393,0.115746
1,394,394,0.110823
1,395,395,0.112465
1,396,396,0.113547
1,397,397,0.110113
1,398,398,0.111574
1,399,399,0.113362
1,400,400,0.114446
1,401,401,0.111894
1,402,402,0.113123
1,403,403,0.112942
1,404,404,0.112458
1,405,405,0.114544
1,406,406,0.111762
1,407,407,0.112062
1,408,408,0.110159
1,409,409,0.110938
1,410,410,0.111791
1,411,411,0.111140
1,412,412,0.112843
1,413,413,0.110408
1,414,414,0.111449
1,415,415,0.110532
1,416,416,0.113236
1,417,417,0.114766
1,418,418,0.111989
1,419,419,0.109359
1,420,420,0.114662
1,421,421,0.109877
1,422,422,0.112773
1,423,423,0.111990
1,424,424,0.113381
1,425,425,0.114252
1,426,426,0.114775
1,427,427,0.115791
1,428,428,0.108279
1,429,429,0.110943
1,430,430,0.114644
1,431,431,0.111207
1,432,432,0.112908
1,433,433,0.111112
1,434,434,0.116611
1,435,435,0.113661
1,436,436,0.111673
1,437,437,0.112767
1,438,438,0.114601
1,439,439,0.112307
1,440,440,0.110736
1,441,441,0.115041
1,442,442,0.111597
1,443,443,0.112665
1,444,444,0.114199
1,445,445,0.109568
1,446,446,0.115527
1,447,447,0.109110
1,448,448,0.112774
1,449,449,0.110633
1,450,450,0.110923
1,451,451,0.111172
1,452,452,0.111047
1,453,453,0.111457
1,454,454,0.110696
1,455,455,0.112007
1,456,456,0.112091
1,457,457,0.114595
1,458,458,0.111475
1,459,459,0.111038
1,460,460,0.109762
1,461,461,0.110824
1,462,462,0.113406
1,463,463,0.111938
1,464,464,0.110675
1,465,465,0.116507
1,466,466,0.113159
1,467,467,0.111811
1,468,468,0.110593
1,469,469,0.111845
1,470,470,0.114009
1,471,471,0.110702
1,472,472,0.111162
1,473,473,0.111169
1,474,474,0.110714
1,475,475,0.108509
1,476,476,0.109356
1,477,477,0.112099
1,478,478,0.114135
1,479,479,0.113784
1,480,480,0.113261
1,481,481,0.112454
1,482,482,0.115549
1,483,483,0.118485
1,484,484,0.112988
1,485,485,0.110037
1,486,486,0.110529
1,487,487,0.110004
1,488,488,0.109532
1,489,489,0.112460
1,490,490,0.108865
1,491,491,0.117387
1,492,492,0.109171
1,493,493,0.110212
1,494,494,0.108686
1,495,495,0.110273
1,496,496,0.109963
1,497,497,0.115614
1,498,498,0.116068
1,499,499,0.113510
1,500,500,0.109555
1,501,501,0.118218
1,502,502,0.110232
1,503,503,0.109851
1,504,504,0.115810
1,505,505,0.112670
1,506,506,0.112110
1,507,507,0.109620
1,508,508,0.113669
1,509,509,0.112216
1,510,510,0.113015
1,511,511,0.113130
1,512,512,0.110671
1,513,513,0.110418
1,514,514,0.115592
1,515,515,0.112821
1,516,516,0.110858
1,517,517,0.114029
1,518,518,0.112903
1,519,519,0.119193
1,520,520,0.110725
1,521,521,0.113814
1,522,522,0.110565
1,523,523,0.112415
1,524,524,0.111759
1,525,525,0.108214
1,526,526,0.110857
1,527,527,0.115709
1,528,528,0.109152
1,529,529,0.113742
1,530,530,0.113422
1,531,531,0.113176
1,532,532,0.110779
1,533,533,0.111199
1,534,534,0.113016
1,535,535,0.112959
1,536,536,0.108718
1,537,537,0.114299
1,538,538,0.108014
1,539,539,0.109586
2,1,540,0.110855
2,2,541,0.111246
2,3,542,0.109221
2,4,543,0.110159
2,5,544,0.109807
2,6,545,0.112317
2,7,546,0.111013
2,8,547,0.109666
2,9,548,0.109503
2,10,549,0.113488
2,11,550,0.115768
2,12,551,0.110586
2,13,552,0.110406
2,14,553,0.113532
2,15,554,0.113129
2,16,555,0.110666
2,17,556,0.109906
2,18,557,0.108616
2,19,558,0.108729
2,20,559,0.111649
2,21,560,0.113061
2,22,561,0.111070
2,23,562,0.109414
2,24,563,0.111260
2,25,564,0.111138
2,26,565,0.109234
2,27,566,0.110673
2,28,567,0.110157
2,29,568,0.113867
2,30,569,0.115173
2,31,570,0.114270
2,32,571,0.111716
2,33,572,0.117002
2,34,573,0.113787
2,35,574,0.110155
2,36,575,0.112008
2,37,576,0.110814
2,38,577,0.110733
2,39,578,0.111117
2,40,579,0.112944
2,41,580,0.119268
2,42,581,0.116900
2,43,582,0.116164
2,44,583,0.112392
2,45,584,0.115154
2,46,585,0.108951
2,47,586,0.108723
2,48,587,0.115128
2,49,588,0.111020
2,50,589,0.110214
2,51,590,0.110088
2,52,591,0.108798
2,53,592,0.108221
2,54,593,0.109689
2,55,594,0.108920
2,56,595,0.111220
2,57,596,0.112014
2,58,597,0.109821
2,59,598,0.109675
2,60,599,0.108132
2,61,600,0.109042
2,62,601,0.109097
2,63,602,0.110655
2,64,603,0.113833
2,65,604,0.105128
2,66,605,0.115172
2,67,606,0.109853
2,68,607,0.109644
2,69,608,0.108862
2,70,609,0.111235
2,71,610,0.110971
2,72,611,0.108012
2,73,612,0.108577
2,74,613,0.109957
2,75,614,0.112606
2,76,615,0.110019
2,77,616,0.107688
2,78,617,0.115527
2,79,618,0.111180
2,80,619,0.109618
2,81,620,0.111360
2,82,621,0.107725
2,83,622,0.110443
2,84,623,0.110859
2,85,624,0.110309
2,86,625,0.110923
2,87,626,0.110749
2,88,627,0.107917
2,89,628,0.111894
2,90,629,0.109553
2,91,630,0.109164
2,92,631,0.109681
2,93,632,0.107235
2,94,633,0.109720
2,95,634,0.110120
2,96,635,0.111106
2,97,636,0.109374
2,98,637,0.112787
2,99,638,0.109759
2,100,639,0.110877
2,101,640,0.107939
2,102,641,0.110881
2,103,642,0.112399
2,104,643,0.110433
2,105,644,0.110542
2,106,645,0.112571
2,107,646,0.109961
2,108,647,0.113081
2,109,648,0.110607
2,110,649,0.112155
2,111,650,0.112170
2,112,651,0.108697
2,113,652,0.111141
2,114,653,0.109989
2,115,654,0.110281
2,116,655,0.115315
2,117,656,0.109037
2,118,657,0.113949
2,119,658,0.112452
2,120,659,0.110484
2,121,660,0.112263
2,122,661,0.113373
2,123,662,0.113499
2,124,663,0.111544
2,125,664,0.109428
2,126,665,0.110515
2,127,666,0.110510
2,128,667,0.114557
2,129,668,0.110842
2,130,669,0.114479
2,131,670,0.109867
2,132,671,0.111869
2,133,672,0.109313
2,134,673,0.111164
2,135,674,0.108643
2,136,675,0.109796
2,137,676,0.109571
2,138,677,0.115258
2,139,678,0.112546
2,140,679,0.111358
2,141,680,0.104840
2,142,681,0.109556
2,143,682,0.108373
2,144,683,0.109895
2,145,684,0.110353
2,146,685,0.110083
2,147,686,0.110927
2,148,687,0.115986
2,149,688,0.110989
2,150,689,0.113386
2,151,690,0.110426
2,152,691,0.111771
2,153,692,0.108447
2,154,693,0.111308
2,155,694,0.109748
2,156,695,0.111681
2,157,696,0.110500
2,158,697,0.111004
2,159,698,0.112263
2,160,699,0.110337
2,161,700,0.110659
2,162,701,0.109736
2,163,702,0.109325
2,164,703,0.108108
2,165,704,0.109975
2,166,705,0.107470
2,167,706,0.109556
2,168,707,0.108419
2,169,708,0.110846
2,170,709,0.109912
2,171,710,0.108709
2,172,711,0.111612
2,173,712,0.110436
2,174,713,0.108786
2,175,714,0.111050
2,176,715,0.108076
2,177,716,0.111466
2,178,717,0.106853
2,179,718,0.109691
2,180,719,0.107720
2,181,720,0.109972
2,182,721,0.111164
2,183,722,0.107540
2,184,723,0.109201
2,185,724,0.111239
2,186,725,0.111444
2,187,726,0.114244
2,188,727,0.109132
2,189,728,0.113195
2,190,729,0.108945
2,191,730,0.113127
2,192,731,0.110736
2,193,732,0.110680
2,194,733,0.111838
2,195,734,0.108438
2,196,735,0.109342
2,197,736,0.110232
2,198,737,0.110689
2,199,738,0.113078
2,200,739,0.115783
2,201,740,0.111706
2,202,741,0.108029
2,203,742,0.106364
2,204,743,0.108987
2,205,744,0.110956
2,206,745,0.110704
2,207,746,0.112607
2,208,747,0.112171
2,209,748,0.111017
2,210,749,0.111166
2,211,750,0.117583
2,212,751,0.110853
2,213,752,0.110264
2,214,753,0.113434
2,215,754,0.114789
2,216,755,0.113985
2,217,756,0.111951
2,218,757,0.115492
2,219,758,0.111289
2,220,759,0.111969
2,221,760,0.110383
2,222,761,0.113204
2,223,762,0.109062
2,224,763,0.111089
2,225,764,0.112973
2,226,765,0.110499
2,227,766,0.109076
2,228,767,0.110197
2,229,768,0.111624
2,230,769,0.112231
2,231,770,0.112580
2,232,771,0.109787
2,233,772,0.108184
2,234,773,0.116753
2,235,774,0.110171
2,236,775,0.109862
2,237,776,0.113006
2,238,777,0.109204
2,239,778,0.108738
2,240,779,0.110798
2,241,780,0.109992
2,242,781,0.108547
2,243,782,0.113476
2,244,783,0.109138
2,245,784,0.109853
2,246,785,0.109977
2,247,786,0.112081
2,248,787,0.109252
2,249,788,0.109057
2,250,789,0.109023
2,251,790,0.107022
2,252,791,0.108788
2,253,792,0.110490
2,254,793,0.110402
2,255,794,0.111382
2,256,795,0.109652
2,257,796,0.114945
2,258,797,0.109120
2,259,798,0.109722
2,260,799,0.111337
2,261,800,0.108679
2,262,801,0.108693
2,263,802,0.110357
2,264,803,0.111011
2,265,804,0.106182
2,266,805,0.110117
2,267,806,0.110896
2,268,807,0.109190
2,269,808,0.108977
2,270,809,0.108918
2,271,810,0.107724
2,272,811,0.111831
2,273,812,0.113777
2,274,813,0.109967
2,275,814,0.108266
2,276,815,0.108569
2,277,816,0.108106
2,278,817,0.113155
2,279,818,0.106840
2,280,819,0.112988
2,281,820,0.108217
2,282,821,0.110253
2,283,822,0.110684
2,284,823,0.106805
2,285,824,0.115712
2,286,825,0.109194
2,287,826,0.108685
2,288,827,0.109973
2,289,828,0.109441
2,290,829,0.111131
2,291,830,0.108191
2,292,831,0.108815
2,293,832,0.111232
2,294,833,0.110338
2,295,834,0.111930
2,296,835,0.108322
2,297,836,0.108137
2,298,837,0.110569
2,299,838,0.108845
2,300,839,0.111908
2,301,840,0.110416
2,302,841,0.110828
2,303,842,0.108179
2,304,843,0.108301
2,305,844,0.112401
2,306,845,0.109284
2,307,846,0.111091
2,308,847,0.108599
2,309,848,0.108838
2,310,849,0.116620
2,311,850,0.106870
2,312,851,0.108394
2,313,852,0.106872
2,314,853,0.113869
2,315,854,0.109450
2,316,855,0.113331
2,317,856,0.108741
2,318,857,0.107741
2,319,858,0.112163
2,320,859,0.111933
2,321,860,0.113394
2,322,861,0.113848
2,323,862,0.109669
2,324,863,0.109462
2,325,864,0.108088
2,326,865,0.109338
2,327,866,0.108814
2,328,867,0.112130
2,329,868,0.107516
2,330,869,0.109900
2,331,870,0.109219
2,332,871,0.112038
2,333,872,0.108712
2,334,873,0.107532
2,335,874,0.110311
2,336,875,0.109628
2,337,876,0.109357
2,338,877,0.110574
2,339,878,0.108821
2,340,879,0.109584
2,341,880,0.109557
2,342,881,0.108948
2,343,882,0.111328
2,344,883,0.107688
2,345,884,0.111352
2,346,885,0.112194
2,347,886,0.109303
2,348,887,0.106599
2,349,888,0.110169
2,350,889,0.113191
2,351,890,0.111993
2,352,891,0.108938
2,353,892,0.110670
2,354,893,0.113430
2,355,894,0.110849
2,356,895,0.112702
2,357,896,0.114395
2,358,897,0.108656
2,359,898,0.109004
2,360,899,0.110041
2,361,900,0.111869
2,362,901,0.109060
2,363,902,0.109114
2,364,903,0.112040
2,365,904,0.109726
2,366,905,0.112448
2,367,906,0.109384
2,368,907,0.109114
2,369,908,0.108372
2,370,909,0.111112
2,371,910,0.113901
2,372,911,0.108291
2,373,912,0.109190
2,374,913,0.109334
2,375,914,0.114450
2,376,915,0.108845
2,377,916,0.108838
2,378,917,0.109894
2,379,918,0.109888
2,380,919,0.108283
2,381,920,0.108743
2,382,921,0.112782
2,383,922,0.110293
2,384,923,0.109564
2,385,924,0.110126
2,386,925,0.110354
2,387,926,0.112596
2,388,927,0.110509
2,389,928,0.113993
2,390,929,0.109450
2,391,930,0.110218
2,392,931,0.108140
2,393,932,0.109943
2,394,933,0.115130
2,395,934,0.109790
2,396,935,0.107729
2,397,936,0.110295
2,398,937,0.110365
2,399,938,0.111748
2,400,939,0.109527
2,401,940,0.109893
2,402,941,0.104903
2,403,942,0.112728
2,404,943,0.109027
2,405,944,0.110347
2,406,945,0.109422
2,407,946,0.108825
2,408,947,0.109009
2,409,948,0.108726
2,410,949,0.110119
2,411,950,0.109593
2,412,951,0.109128
2,413,952,0.110607
2,414,953,0.107785
2,415,954,0.109607
2,416,955,0.108454
2,417,956,0.111449
2,418,957,0.108652
2,419,958,0.109559
2,420,959,0.111314
2,421,960,0.111282
2,422,961,0.111347
2,423,962,0.109265
2,424,963,0.111448
2,425,964,0.105756
2,426,965,0.115866
2,427,966,0.110492
2,428,967,0.109224
2,429,968,0.111529
2,430,969,0.114229
2,431,970,0.105572
2,432,971,0.108939
2,433,972,0.113418
2,434,973,0.110861
2,435,974,0.111469
2,436,975,0.111508
2,437,976,0.113631
2,438,977,0.107968
2,439,978,0.110315
2,440,979,0.109919
2,441,980,0.108910
2,442,981,0.110283
2,443,982,0.113316
2,444,983,0.107640
2,445,984,0.110334
2,446,985,0.109903
2,447,986,0.109596
2,448,987,0.109001
2,449,988,0.111246
2,450,989,0.112229
2,451,990,0.108059
2,452,991,0.107370
2,453,992,0.106842
2,454,993,0.112377
2,455,994,0.112580
2,456,995,0.108960
2,457,996,0.110556
2,458,997,0.108802
2,459,998,0.109406
2,460,999,0.112543
2,461,1000,0.113491
2,462,1001,0.112904
2,463,1002,0.108745
2,464,1003,0.107707
2,465,1004,0.110884
2,466,1005,0.112685
2,467,1006,0.109817
2,468,1007,0.111271
2,469,1008,0.107671
2,470,1009,0.106422
2,471,1010,0.109806
2,472,1011,0.109261
2,473,1012,0.109899
2,474,1013,0.106751
2,475,1014,0.109590
2,476,1015,0.107468
2,477,1016,0.113579
2,478,1017,0.107622
2,479,1018,0.110514
2,480,1019,0.109133
2,481,1020,0.114933
2,482,1021,0.108908
2,483,1022,0.106906
2,484,1023,0.112551
2,485,1024,0.107825
2,486,1025,0.108339
2,487,1026,0.110914
2,488,1027,0.110943
2,489,1028,0.117183
2,490,1029,0.109821
2,491,1030,0.105530
2,492,1031,0.110172
2,493,1032,0.107520
2,494,1033,0.108644
2,495,1034,0.108911
2,496,1035,0.109066
2,497,1036,0.111373
2,498,1037,0.109938
2,499,1038,0.107306
2,500,1039,0.108097
2,501,1040,0.115043
2,502,1041,0.109034
2,503,1042,0.107892
2,504,1043,0.109097
2,505,1044,0.105598
2,506,1045,0.106105
2,507,1046,0.108636
2,508,1047,0.106530
2,509,1048,0.109360
2,510,1049,0.110462
2,511,1050,0.109330
2,512,1051,0.108820
2,513,1052,0.110472
2,514,1053,0.110461
2,515,1054,0.110275
2,516,1055,0.110659
2,517,1056,0.110912
2,518,1057,0.110029
2,519,1058,0.108789
2,520,1059,0.107100
2,521,1060,0.106370
2,522,1061,0.110937
2,523,1062,0.107380
2,524,1063,0.108266
2,525,1064,0.109821
2,526,1065,0.109452
2,527,1066,0.112113
2,528,1067,0.109113
2,529,1068,0.109699
2,530,1069,0.116290
2,531,1070,0.113220
2,532,1071,0.109281
2,533,1072,0.110005
2,534,1073,0.113211
2,535,1074,0.105654
2,536,1075,0.107690
2,537,1076,0.110117
2,538,1077,0.107128
2,539,1078,0.105842
3,1,1079,0.108018
3,2,1080,0.108124
3,3,1081,0.109322
3,4,1082,0.111459
3,5,1083,0.109941
3,6,1084,0.112300
3,7,1085,0.108526
3,8,1086,0.110605
3,9,1087,0.108881
3,10,1088,0.107103
3,11,1089,0.112013
3,12,1090,0.114328
3,13,1091,0.111921
3,14,1092,0.107999
3,15,1093,0.112009
3,16,1094,0.108271
3,17,1095,0.111726
3,18,1096,0.113873
3,19,1097,0.107507
3,20,1098,0.111287
3,21,1099,0.110831
3,22,1100,0.111046
3,23,1101,0.111679
3,24,1102,0.111471
3,25,1103,0.111156
3,26,1104,0.109881
3,27,1105,0.107000
3,28,1106,0.106413
3,29,1107,0.108275
3,30,1108,0.108546
3,31,1109,0.107725
3,32,1110,0.110151
3,33,1111,0.111689
3,34,1112,0.107642
3,35,1113,0.111218
3,36,1114,0.107355
3,37,1115,0.112463
3,38,1116,0.105397
3,39,1117,0.108007
3,40,1118,0.106766
3,41,1119,0.107660
3,42,1120,0.107859
3,43,1121,0.108209
3,44,1122,0.112675
3,45,1123,0.111148
3,46,1124,0.109254
3,47,1125,0.114783
3,48,1126,0.107770
3,49,1127,0.108906
3,50,1128,0.107059
3,51,1129,0.108872
3,52,1130,0.108270
3,53,1131,0.109862
3,54,1132,0.107600
3,55,1133,0.109834
3,56,1134,0.109355
3,57,1135,0.110833
3,58,1136,0.106804
3,59,1137,0.105443
3,60,1138,0.108074
3,61,1139,0.108303
3,62,1140,0.109327
3,63,1141,0.107596
3,64,1142,0.107520
3,65,1143,0.105896
3,66,1144,0.112504
3,67,1145,0.105780
3,68,1146,0.108211
3,69,1147,0.109280
3,70,1148,0.108470
3,71,1149,0.108710
3,72,1150,0.106410
3,73,1151,0.110039
3,74,1152,0.110518
3,75,1153,0.110241
3,76,1154,0.107732
3,77,1155,0.110421
3,78,1156,0.110236
3,79,1157,0.108983
3,80,1158,0.116122
3,81,1159,0.113659
3,82,1160,0.107991
3,83,1161,0.107974
3,84,1162,0.109665
3,85,1163,0.111429
3,86,1164,0.104713
3,87,1165,0.107701
3,88,1166,0.109481
3,89,1167,0.108334
3,90,1168,0.108919
3,91,1169,0.110973
3,92,1170,0.107974
3,93,1171,0.111357
3,94,1172,0.106613
3,95,1173,0.110455
3,96,1174,0.110143
3,97,1175,0.107561
3,98,1176,0.106682
3,99,1177,0.109341
3,100,1178,0.110597
3,101,1179,0.106749
3,102,1180,0.110695
3,103,1181,0.109073
3,104,1182,0.107782
3,105,1183,0.109400
3,106,1184,0.106735
3,107,1185,0.109310
3,108,1186,0.112493
3,109,1187,0.111496
3,110,1188,0.109079
3,111,1189,0.106861
3,112,1190,0.108795
3,113,1191,0.106754
3,114,1192,0.109245
3,115,1193,0.106006
3,116,1194,0.108206
3,117,1195,0.108491
3,118,1196,0.108346
3,119,1197,0.110157
3,120,1198,0.107078
3,121,1199,0.111533
3,122,1200,0.108090
3,123,1201,0.109054
3,124,1202,0.114676
3,125,1203,0.109400
3,126,1204,0.107362
3,127,1205,0.107857
3,128,1206,0.108249
3,129,1207,0.106166
3,130,1208,0.112209
3,131,1209,0.107898
3,132,1210,0.106343
3,133,1211,0.107745
3,134,1212,0.108538
3,135,1213,0.112102
3,136,1214,0.106746
3,137,1215,0.111252
3,138,1216,0.108981
3,139,1217,0.109914
3,140,1218,0.108444
3,141,1219,0.107501
3,142,1220,0.110207
3,143,1221,0.108464
3,144,1222,0.107846
3,145,1223,0.108854
3,146,1224,0.108213
3,147,1225,0.109611
3,148,1226,0.115737
3,149,1227,0.109087
3,150,1228,0.106651
3,151,1229,0.110703
3,152,1230,0.109000
3,153,1231,0.108414
3,154,1232,0.108701
3,155,1233,0.108731
3,156,1234,0.110159
3,157,1235,0.108395
3,158,1236,0.109237
3,159,1237,0.108847
3,160,1238,0.109758
3,161,1239,0.109653
3,162,1240,0.107816
3,163,1241,0.110106
3,164,1242,0.111151
3,165,1243,0.106311
3,166,1244,0.116117
3,167,1245,0.113877
3,168,1246,0.109284
3,169,1247,0.108999
3,170,1248,0.109037
3,171,1249,0.107663
3,172,1250,0.117221
3,173,1251,0.109359
3,174,1252,0.104587
3,175,1253,0.109356
3,176,1254,0.106439
3,177,1255,0.108956
3,178,1256,0.107713
3,179,1257,0.109163
3,180,1258,0.110404
3,181,1259,0.107819
3,182,1260,0.108062
3,183,1261,0.106730
3,184,1262,0.108322
3,185,1263,0.109921
3,186,1264,0.110666
3,187,1265,0.105857
3,188,1266,0.108804
3,189,1267,0.107304
3,190,1268,0.107958
3,191,1269,0.103929
3,192,1270,0.115061
3,193,1271,0.106714
3,194,1272,0.107959
3,195,1273,0.105671
3,196,1274,0.110993
3,197,1275,0.109744
3,198,1276,0.108132
3,199,1277,0.109059
3,200,1278,0.107746
3,201,1279,0.111752
3,202,1280,0.113135
3,203,1281,0.105334
3,204,1282,0.107791
3,205,1283,0.109641
3,206,1284,0.106227
3,207,1285,0.108249
3,208,1286,0.105757
3,209,1287,0.106508
3,210,1288,0.105999
3,211,1289,0.113908
3,212,1290,0.109228
3,213,1291,0.108468
3,214,1292,0.114292
3,215,1293,0.107764
3,216,1294,0.108269
3,217,1295,0.109549
3,218,1296,0.107737
3,219,1297,0.106851
3,220,1298,0.106916
3,221,1299,0.108584
3,222,1300,0.108677
3,223,1301,0.112591
3,224,1302,0.110159
3,225,1303,0.106225
3,226,1304,0.106653
3,227,1305,0.106167
3,228,1306,0.113028
3,229,1307,0.111640
3,230,1308,0.109239
3,231,1309,0.107871
3,232,1310,0.105521
3,233,1311,0.108410
3,234,1312,0.108485
3,235,1313,0.106698
3,236,1314,0.107073
3,237,1315,0.105223
3,238,1316,0.108931
3,239,1317,0.110836
3,240,1318,0.107680
3,241,1319,0.110079
3,242,1320,0.108787
3,243,1321,0.107318
3,244,1322,0.107742
3,245,1323,0.106994
3,246,1324,0.108807
3,247,1325,0.104695
3,248,1326,0.107882
3,249,1327,0.107633
3,250,1328,0.106580
3,251,1329,0.106844
3,252,1330,0.111131
3,253,1331,0.106880
3,254,1332,0.108498
3,255,1333,0.108546
3,256,1334,0.109449
3,257,1335,0.111777
3,258,1336,0.107121
3,259,1337,0.106684
3,260,1338,0.105051
3,261,1339,0.112092
3,262,1340,0.110652
3,263,1341,0.109636
3,264,1342,0.109587
3,265,1343,0.107418
3,266,1344,0.110342
3,267,1345,0.106482
3,268,1346,0.110375
3,269,1347,0.108223
3,270,1348,0.109379
3,271,1349,0.109037
3,272,1350,0.110948
3,273,1351,0.107797
3,274,1352,0.113254
3,275,1353,0.109697
3,276,1354,0.108620
3,277,1355,0.111038
3,278,1356,0.108570
3,279,1357,0.110636
3,280,1358,0.106070
3,281,1359,0.112932
3,282,1360,0.106332
3,283,1361,0.108775
3,284,1362,0.109187
3,285,1363,0.110994
3,286,1364,0.108608
3,287,1365,0.106478
3,288,1366,0.107603
3,289,1367,0.110954
3,290,1368,0.110226
3,291,1369,0.114817
3,292,1370,0.107990
3,293,1371,0.114122
3,294,1372,0.107360
3,295,1373,0.108470
3,296,1374,0.109201
3,297,1375,0.107058
3,298,1376,0.105835
3,299,1377,0.108394
3,300,1378,0.107498
3,301,1379,0.106471
3,302,1380,0.109581
3,303,1381,0.108911
3,304,1382,0.107074
3,305,1383,0.108888
3,306,1384,0.108993
3,307,1385,0.111562
3,308,1386,0.106654
3,309,1387,0.106611
3,310,1388,0.110720
3,311,1389,0.108864
3,312,1390,0.108516
3,313,1391,0.108724
3,314,1392,0.107789
3,315,1393,0.107471
3,316,1394,0.106157
3,317,1395,0.107557
3,318,1396,0.109182
3,319,1397,0.109745
3,320,1398,0.111234
3,321,1399,0.106850
3,322,1400,0.108267
3,323,1401,0.109945
3,324,1402,0.114247
3,325,1403,0.105795
3,326,1404,0.107082
3,327,1405,0.109732
3,328,1406,0.110104
3,329,1407,0.109175
3,330,1408,0.108015
3,331,1409,0.107274
3,332,1410,0.104221
3,333,1411,0.107988
3,334,1412,0.104797
3,335,1413,0.109041
3,336,1414,0.108009
3,337,1415,0.108875
3,338,1416,0.108514
3,339,1417,0.107936
3,340,1418,0.108988
3,341,1419,0.106703
3,342,1420,0.107068
3,343,1421,0.106645
3,344,1422,0.107152
3,345,1423,0.106775
3,346,1424,0.105138
3,347,1425,0.107825
3,348,1426,0.108167
3,349,1427,0.112894
3,350,1428,0.108172
3,351,1429,0.108269
3,352,1430,0.108965
3,353,1431,0.109085
3,354,1432,0.107717
3,355,1433,0.109246
3,356,1434,0.106762
3,357,1435,0.107486
3,358,1436,0.106923
3,359,1437,0.108431
3,360,1438,0.107716
3,361,1439,0.106324
3,362,1440,0.105314
3,363,1441,0.105925
3,364,1442,0.106993
3,365,1443,0.108208
3,366,1444,0.110825
3,367,1445,0.106028
3,368,1446,0.106411
3,369,1447,0.106877
3,370,1448,0.110819
3,371,1449,0.106055
3,372,1450,0.109489
3,373,1451,0.110281
3,374,1452,0.108014
3,375,1453,0.109038
3,376,1454,0.107016
3,377,1455,0.110187
3,378,1456,0.112170
3,379,1457,0.106841
3,380,1458,0.106596
3,381,1459,0.107890
3,382,1460,0.106420
3,383,1461,0.112890
3,384,1462,0.106577
3,385,1463,0.109897
3,386,1464,0.110079
3,387,1465,0.108186
3,388,1466,0.107474
3,389,1467,0.113094
3,390,1468,0.106453
3,391,1469,0.108423
3,392,1470,0.109384
3,393,1471,0.110180
3,394,1472,0.107984
3,395,1473,0.107175
3,396,1474,0.108821
3,397,1475,0.107646
3,398,1476,0.106461
3,399,1477,0.107442
3,400,1478,0.112411
3,401,1479,0.107207
3,402,1480,0.108961
3,403,1481,0.107811
3,404,1482,0.107245
3,405,1483,0.107743
3,406,1484,0.107865
3,407,1485,0.108660
3,408,1486,0.106065
3,409,1487,0.107001
3,410,1488,0.110896
3,411,1489,0.107564
3,412,1490,0.108339
3,413,1491,0.109473
3,414,1492,0.104750
3,415,1493,0.105484
3,416,1494,0.109657
3,417,1495,0.111817
3,418,1496,0.108325
3,419,1497,0.105702
3,420,1498,0.108755
3,421,1499,0.110412
3,422,1500,0.110118
3,423,1501,0.110806
3,424,1502,0.107084
3,425,1503,0.104908
3,426,1504,0.108533
3,427,1505,0.111675
3,428,1506,0.106648
3,429,1507,0.105061
3,430,1508,0.104031
3,431,1509,0.108686
3,432,1510,0.110483
3,433,1511,0.107497
3,434,1512,0.107586
3,435,1513,0.107422
3,436,1514,0.107903
3,437,1515,0.107922
3,438,1516,0.105387
3,439,1517,0.108526
3,440,1518,0.109259
3,441,1519,0.107872
3,442,1520,0.106844
3,443,1521,0.107283
3,444,1522,0.110448
3,445,1523,0.108106
3,446,1524,0.106718
3,447,1525,0.110427
3,448,1526,0.109309
3,449,1527,0.110474
3,450,1528,0.110726
3,451,1529,0.112525
3,452,1530,0.110847
3,453,1531,0.104443
3,454,1532,0.110356
3,455,1533,0.114830
3,456,1534,0.107253
3,457,1535,0.108809
3,458,1536,0.116259
3,459,1537,0.113007
3,460,1538,0.107694
3,461,1539,0.108396
3,462,1540,0.108371
3,463,1541,0.113915
3,464,1542,0.108418
3,465,1543,0.106195
3,466,1544,0.108041
3,467,1545,0.110359
3,468,1546,0.107184
3,469,1547,0.110150
3,470,1548,0.108107
3,471,1549,0.108234
3,472,1550,0.109129
3,473,1551,0.108083
3,474,1552,0.108312
3,475,1553,0.109600
3,476,1554,0.107149
3,477,1555,0.110671
3,478,1556,0.109207
3,479,1557,0.111117
3,480,1558,0.108430
3,481,1559,0.109498
3,482,1560,0.106067
3,483,1561,0.106986
3,484,1562,0.110197
3,485,1563,0.108347
3,486,1564,0.108780
3,487,1565,0.108511
3,488,1566,0.115453
3,489,1567,0.106066
3,490,1568,0.109018
3,491,1569,0.109430
3,492,1570,0.111948
3,493,1571,0.106958
3,494,1572,0.104913
3,495,1573,0.104070
3,496,1574,0.107983
3,497,1575,0.105532
3,498,1576,0.105250
3,499,1577,0.109205
3,500,1578,0.107688
3,501,1579,0.105461
3,502,1580,0.108943
3,503,1581,0.107758
3,504,1582,0.109141
3,505,1583,0.108536
3,506,1584,0.107529
3,507,1585,0.108431
3,508,1586,0.106185
3,509,1587,0.109380
3,510,1588,0.110101
3,511,1589,0.107119
3,512,1590,0.108343
3,513,1591,0.105867
3,514,1592,0.108400
3,515,1593,0.107903
3,516,1594,0.111233
3,517,1595,0.109733
3,518,1596,0.106243
3,519,1597,0.105610
3,520,1598,0.105751
3,521,1599,0.106406
3,522,1600,0.108216
3,523,1601,0.112684
3,524,1602,0.107420
3,525,1603,0.108176
3,526,1604,0.116695
3,527,1605,0.112160
3,528,1606,0.107109
3,529,1607,0.110214
3,530,1608,0.107481
3,531,1609,0.103000
3,532,1610,0.108616
3,533,1611,0.107081
3,534,1612,0.107819
3,535,1613,0.110386
3,536,1614,0.109627
3,537,1615,0.107137
3,538,1616,0.109413
3,539,1617,0.113922
4,1,1618,0.110264
4,2,1619,0.107939
4,3,1620,0.110200
4,4,1621,0.108011
4,5,1622,0.104192
4,6,1623,0.105440
4,7,1624,0.107147
4,8,1625,0.112095
4,9,1626,0.116151
4,10,1627,0.107376
4,11,1628,0.107495
4,12,1629,0.109484
4,13,1630,0.109468
4,14,1631,0.107865
4,15,1632,0.107452
4,16,1633,0.108252
4,17,1634,0.109079
4,18,1635,0.107646
4,19,1636,0.107675
4,20,1637,0.110892
4,21,1638,0.105875
4,22,1639,0.108156
4,23,1640,0.112908
4,24,1641,0.108766
4,25,1642,0.104157
4,26,1643,0.106026
4,27,1644,0.107115
4,28,1645,0.105287
4,29,1646,0.106273
4,30,1647,0.108543
4,31,1648,0.109277
4,32,1649,0.108089
4,33,1650,0.106600
4,34,1651,0.109607
4,35,1652,0.106606
4,36,1653,0.107878
4,37,1654,0.110770
4,38,1655,0.105000
4,39,1656,0.109991
4,40,1657,0.109617
4,41,1658,0.106363
4,42,1659,0.106762
4,43,1660,0.107685
4,44,1661,0.106886
4,45,1662,0.112834
4,46,1663,0.106428
4,47,1664,0.110057
4,48,1665,0.105750
4,49,1666,0.105515
4,50,1667,0.106646
4,51,1668,0.106461
4,52,1669,0.108006
4,53,1670,0.107709
4,54,1671,0.103163
4,55,1672,0.108169
4,56,1673,0.107310
4,57,1674,0.108558
4,58,1675,0.107584
4,59,1676,0.106382
4,60,1677,0.108621
4,61,1678,0.104474
4,62,1679,0.109146
4,63,1680,0.111385
4,64,1681,0.106096
4,65,1682,0.108360
4,66,1683,0.107831
4,67,1684,0.104730
4,68,1685,0.105860
4,69,1686,0.108529
4,70,1687,0.109517
4,71,1688,0.107750
4,72,1689,0.106449
4,73,1690,0.104253
4,74,1691,0.106099
4,75,1692,0.110463
4,76,1693,0.106762
4,77,1694,0.109026
4,78,1695,0.107508
4,79,1696,0.111219
4,80,1697,0.113388
4,81,1698,0.107626
4,82,1699,0.109807
4,83,1700,0.107554
4,84,1701,0.108542
4,85,1702,0.112219
4,86,1703,0.114991
4,87,1704,0.107507
4,88,1705,0.110028
4,89,1706,0.109584
4,90,1707,0.110381
4,91,1708,0.108627
4,92,1709,0.109266
4,93,1710,0.106990
4,94,1711,0.114410
4,95,1712,0.114171
4,96,1713,0.106735
4,97,1714,0.108747
4,98,1715,0.105586
4,99,1716,0.105960
4,100,1717,0.106460
4,101,1718,0.108640
4,102,1719,0.107592
4,103,1720,0.108391
4,104,1721,0.107615
4,105,1722,0.106273
4,106,1723,0.108556
4,107,1724,0.107371
4,108,1725,0.114287
4,109,1726,0.104661
4,110,1727,0.106274
4,111,1728,0.109482
4,112,1729,0.109523
4,113,1730,0.107111
4,114,1731,0.110435
4,115,1732,0.110359
4,116,1733,0.105228
4,117,1734,0.109077
4,118,1735,0.112492
4,119,1736,0.106395
4,120,1737,0.106668
4,121,1738,0.110332
4,122,1739,0.106594
4,123,1740,0.107700
4,124,1741,0.106734
4,125,1742,0.108246
4,126,1743,0.106638
4,127,1744,0.107638
4,128,1745,0.107566
4,129,1746,0.107852
4,130,1747,0.110451
4,131,1748,0.106491
4,132,1749,0.109080
4,133,1750,0.108601
4,134,1751,0.110626
4,135,1752,0.107865
4,136,1753,0.110884
4,137,1754,0.109583
4,138,1755,0.107367
4,139,1756,0.114809
4,140,1757,0.107825
4,141,1758,0.108415
4,142,1759,0.107907
4,143,1760,0.104743
4,144,1761,0.111884
4,145,1762,0.109433
4,146,1763,0.106740
4,147,1764,0.108475
4,148,1765,0.108188
4,149,1766,0.107484
4,150,1767,0.109469
4,151,1768,0.107207
4,152,1769,0.107492
4,153,1770,0.110223
4,154,1771,0.106993
4,155,1772,0.106418
4,156,1773,0.108453
4,157,1774,0.108880
4,158,1775,0.109220
4,159,1776,0.109872
4,160,1777,0.104921
4,161,1778,0.106636
4,162,1779,0.106103
4,163,1780,0.104192
4,164,1781,0.107604
4,165,1782,0.109483
4,166,1783,0.107480
4,167,1784,0.108312
4,168,1785,0.105781
4,169,1786,0.105721
4,170,1787,0.107488
4,171,1788,0.106271
4,172,1789,0.105680
4,173,1790,0.106257
4,174,1791,0.104567
4,175,1792,0.108488
4,176,1793,0.109612
4,177,1794,0.107017
4,178,1795,0.107016
4,179,1796,0.105678
4,180,1797,0.109310
4,181,1798,0.106392
4,182,1799,0.106922
4,183,1800,0.108154
4,184,1801,0.106765
4,185,1802,0.109678
4,186,1803,0.105603
4,187,1804,0.109944
4,188,1805,0.107271
4,189,1806,0.106023
4,190,1807,0.108503
4,191,1808,0.103387
4,192,1809,0.104313
4,193,1810,0.111181
4,194,1811,0.105339
4,195,1812,0.108530
4,196,1813,0.106934
4,197,1814,0.105405
4,198,1815,0.106965
4,199,1816,0.108221
4,200,1817,0.109539
4,201,1818,0.107127
4,202,1819,0.111226
4,203,1820,0.108447
4,204,1821,0.109424
4,205,1822,0.110588
4,206,1823,0.104772
4,207,1824,0.107587
4,208,1825,0.109718
4,209,1826,0.108501
4,210,1827,0.106691
4,211,1828,0.107918
4,212,1829,0.104394
4,213,1830,0.106457
4,214,1831,0.109198
4,215,1832,0.109017
4,216,1833,0.105711
4,217,1834,0.108335
4,218,1835,0.111273
4,219,1836,0.106639
4,220,1837,0.109926
4,221,1838,0.109602
4,222,1839,0.106888
4,223,1840,0.110309
4,224,1841,0.105562
4,225,1842,0.106200
4,226,1843,0.106911
4,227,1844,0.107088
4,228,1845,0.104295
4,229,1846,0.105393
4,230,1847,0.106857
4,231,1848,0.114229
4,232,1849,0.108063
4,233,1850,0.104569
4,234,1851,0.105960
4,235,1852,0.109493
4,236,1853,0.109795
4,237,1854,0.110079
4,238,1855,0.107362
4,239,1856,0.107784
4,240,1857,0.110358
4,241,1858,0.107163
4,242,1859,0.106026
4,243,1860,0.108454
4,244,1861,0.107898
4,245,1862,0.104061
4,246,1863,0.105872
4,247,1864,0.109405
4,248,1865,0.108485
4,249,1866,0.105719
4,250,1867,0.106402
4,251,1868,0.105472
4,252,1869,0.107205
4,253,1870,0.105842
4,254,1871,0.114860
4,255,1872,0.108349
4,256,1873,0.109144
4,257,1874,0.108313
4,258,1875,0.109091
4,259,1876,0.105411
4,260,1877,0.107337
4,261,1878,0.105687
4,262,1879,0.108385
4,263,1880,0.103578
4,264,1881,0.109262
4,265,1882,0.109050
4,266,1883,0.107596
4,267,1884,0.107112
4,268,1885,0.112104
4,269,1886,0.106850
4,270,1887,0.107592
4,271,1888,0.111055
4,272,1889,0.107744
4,273,1890,0.104841
4,274,1891,0.107037
4,275,1892,0.108422
4,276,1893,0.110527
4,277,1894,0.107395
4,278,1895,0.106610
4,279,1896,0.109097
4,280,1897,0.105109
4,281,1898,0.108921
4,282,1899,0.107988
4,283,1900,0.105295
4,284,1901,0.109539
4,285,1902,0.106184
4,286,1903,0.106724
4,287,1904,0.112690
4,288,1905,0.113756
4,289,1906,0.109387
4,290,1907,0.105995
4,291,1908,0.109958
4,292,1909,0.107197
4,293,1910,0.106190
4,294,1911,0.107640
4,295,1912,0.104345
4,296,1913,0.108988
4,297,1914,0.111065
4,298,1915,0.108387
4,299,1916,0.106928
4,300,1917,0.111332
4,301,1918,0.106562
4,302,1919,0.109973
4,303,1920,0.105918
4,304,1921,0.107030
4,305,1922,0.110340
4,306,1923,0.107986
4,307,1924,0.108896
4,308,1925,0.110328
4,309,1926,0.106763
4,310,1927,0.109626
4,311,1928,0.105314
4,312,1929,0.107555
4,313,1930,0.111709
4,314,1931,0.107717
4,315,1932,0.106768
4,316,1933,0.106986
4,317,1934,0.108686
4,318,1935,0.107338
4,319,1936,0.107126
4,320,1937,0.105594
4,321,1938,0.108170
4,322,1939,0.113426
4,323,1940,0.112961
4,324,1941,0.109401
4,325,1942,0.106190
4,326,1943,0.106723
4,327,1944,0.108265
4,328,1945,0.106895
4,329,1946,0.114613
4,330,1947,0.112014
4,331,1948,0.107167
4,332,1949,0.107373
4,333,1950,0.105923
4,334,1951,0.107288
4,335,1952,0.109002
4,336,1953,0.106371
4,337,1954,0.109293
4,338,1955,0.105038
4,339,1956,0.105845
4,340,1957,0.109507
4,341,1958,0.107121
4,342,1959,0.105978
4,343,1960,0.110085
4,344,1961,0.108919
4,345,1962,0.106806
4,346,1963,0.110043
4,347,1964,0.108378
4,348,1965,0.103948
4,349,1966,0.104443
4,350,1967,0.107730
4,351,1968,0.104408
4,352,1969,0.107117
4,353,1970,0.105572
4,354,1971,0.105237
4,355,1972,0.106278
4,356,1973,0.107286
4,357,1974,0.108142
4,358,1975,0.104848
4,359,1976,0.111618
4,360,1977,0.106759
4,361,1978,0.107572
4,362,1979,0.104892
4,363,1980,0.106456
4,364,1981,0.104226
4,365,1982,0.107382
4,366,1983,0.104624
4,367,1984,0.109909
4,368,1985,0.107022
4,369,1986,0.106855
4,370,1987,0.105722
4,371,1988,0.108164
4,372,1989,0.110184
4,373,1990,0.104366
4,374,1991,0.107432
4,375,1992,0.109930
4,376,1993,0.106797
4,377,1994,0.106168
4,378,1995,0.109176
4,379,1996,0.105349
4,380,1997,0.107447
4,381,1998,0.106738
4,382,1999,0.104231
4,383,2000,0.112171
4,384,2001,0.109505
4,385,2002,0.114706
4,386,2003,0.107350
4,387,2004,0.107802
4,388,2005,0.108577
4,389,2006,0.107356
4,390,2007,0.110508
4,391,2008,0.105249
4,392,2009,0.104474
4,393,2010,0.107260
4,394,2011,0.107505
4,395,2012,0.107244
4,396,2013,0.107396
4,397,2014,0.105840
4,398,2015,0.106696
4,399,2016,0.107700
4,400,2017,0.113740
4,401,2018,0.108296
4,402,2019,0.108897
4,403,2020,0.106698
4,404,2021,0.106139
4,405,2022,0.109239
4,406,2023,0.105246
4,407,2024,0.110392
4,408,2025,0.105952
4,409,2026,0.106695
4,410,2027,0.107671
4,411,2028,0.107433
4,412,2029,0.106241
4,413,2030,0.106512
4,414,2031,0.108850
4,415,2032,0.105311
4,416,2033,0.106589
4,417,2034,0.106633
4,418,2035,0.103980
4,419,2036,0.111044
4,420,2037,0.111055
4,421,2038,0.114480
4,422,2039,0.104289
4,423,2040,0.108552
4,424,2041,0.105708
4,425,2042,0.110595
4,426,2043,0.105373
4,427,2044,0.108256
4,428,2045,0.106069
4,429,2046,0.104767
4,430,2047,0.109289
4,431,2048,0.109265
4,432,2049,0.112993
4,433,2050,0.110864
4,434,2051,0.108809
4,435,2052,0.108822
4,436,2053,0.107369
4,437,2054,0.107301
4,438,2055,0.115166
4,439,2056,0.109456
4,440,2057,0.106075
4,441,2058,0.106745
4,442,2059,0.110148
4,443,2060,0.108248
4,444,2061,0.106751
4,445,2062,0.105154
4,446,2063,0.115599
4,447,2064,0.106193
4,448,2065,0.107981
4,449,2066,0.102444
4,450,2067,0.105493
4,451,2068,0.105468
4,452,2069,0.104810
4,453,2070,0.109571
4,454,2071,0.112750
4,455,2072,0.105106
4,456,2073,0.108385
4,457,2074,0.109566
4,458,2075,0.105864
4,459,2076,0.105141
4,460,2077,0.105278
4,461,2078,0.104853
4,462,2079,0.110200
4,463,2080,0.107470
4,464,2081,0.110822
4,465,2082,0.106015
4,466,2083,0.107911
4,467,2084,0.105327
4,468,2085,0.107753
4,469,2086,0.108832
4,470,2087,0.111644
4,471,2088,0.105048
4,472,2089,0.105867
4,473,2090,0.112476
4,474,2091,0.105849
4,475,2092,0.104230
4,476,2093,0.112350
4,477,2094,0.106881
4,478,2095,0.107983
4,479,2096,0.106433
4,480,2097,0.105232
4,481,2098,0.106723
4,482,2099,0.106491
4,483,2100,0.104999
4,484,2101,0.105354
4,485,2102,0.109149
4,486,2103,0.109499
4,487,2104,0.112605
4,488,2105,0.109668
4,489,2106,0.105914
4,490,2107,0.105667
4,491,2108,0.108218
4,492,2109,0.112745
4,493,2110,0.104172
4,494,2111,0.105680
4,495,2112,0.106081
4,496,2113,0.108947
4,497,2114,0.107907
4,498,2115,0.107963
4,499,2116,0.108513
4,500,2117,0.104387
4,501,2118,0.106963
4,502,2119,0.105065
4,503,2120,0.104186
4,504,2121,0.108080
4,505,2122,0.108158
4,506,2123,0.113483
4,507,2124,0.105608
4,508,2125,0.109174
4,509,2126,0.107184
4,510,2127,0.106855
4,511,2128,0.107270
4,512,2129,0.107145
4,513,2130,0.104953
4,514,2131,0.108700
4,515,2132,0.106545
4,516,2133,0.109062
4,517,2134,0.107540
4,518,2135,0.108668
4,519,2136,0.106780
4,520,2137,0.105153
4,521,2138,0.109963
4,522,2139,0.106993
4,523,2140,0.107872
4,524,2141,0.108208
4,525,2142,0.105982
4,526,2143,0.106803
4,527,2144,0.106143
4,528,2145,0.107775
4,529,2146,0.104635
4,530,2147,0.113573
4,531,2148,0.107551
4,532,2149,0.110363
4,533,2150,0.106513
4,534,2151,0.106553
4,535,2152,0.104695
4,536,2153,0.109014
4,537,2154,0.108590
4,538,2155,0.104073
4,539,2156,0.106627
5,1,2157,0.107830
5,2,2158,0.106345
5,3,2159,0.109405
5,4,2160,0.106619
5,5,2161,0.106141
5,6,2162,0.112147
5,7,2163,0.105245
5,8,2164,0.105840
5,9,2165,0.106998
5,10,2166,0.106969
5,11,2167,0.109121
5,12,2168,0.105582
5,13,2169,0.104530
5,14,2170,0.103830
5,15,2171,0.108520
5,16,2172,0.105045
5,17,2173,0.107980
5,18,2174,0.105630
5,19,2175,0.108332
5,20,2176,0.110025
5,21,2177,0.105439
5,22,2178,0.103840
5,23,2179,0.106598
5,24,2180,0.105103
5,25,2181,0.107338
5,26,2182,0.109095
5,27,2183,0.108016
5,28,2184,0.103159
5,29,2185,0.112099
5,30,2186,0.111282
5,31,2187,0.106288
5,32,2188,0.107218
5,33,2189,0.105776
5,34,2190,0.107605
5,35,2191,0.106744
5,36,2192,0.107322
5,37,2193,0.105498
5,38,2194,0.106869
5,39,2195,0.107456
5,40,2196,0.110546
5,41,2197,0.108619
5,42,2198,0.108969
5,43,2199,0.110145
5,44,2200,0.108416
5,45,2201,0.104913
5,46,2202,0.108312
5,47,2203,0.104210
5,48,2204,0.109532
5,49,2205,0.109699
5,50,2206,0.105212
5,51,2207,0.103058
5,52,2208,0.110666
5,53,2209,0.107171
5,54,2210,0.103476
5,55,2211,0.109213
5,56,2212,0.107219
5,57,2213,0.104841
5,58,2214,0.102684
5,59,2215,0.107264
5,60,2216,0.106043
5,61,2217,0.106117
5,62,2218,0.109623
5,63,2219,0.104826
5,64,2220,0.109231
5,65,2221,0.106851
5,66,2222,0.105726
5,67,2223,0.107347
5,68,2224,0.109415
5,69,2225,0.108980
5,70,2226,0.106550
5,71,2227,0.106015
5,72,2228,0.104684
5,73,2229,0.105178
5,74,2230,0.108720
5,75,2231,0.104864
5,76,2232,0.106441
5,77,2233,0.106778
5,78,2234,0.108010
5,79,2235,0.107207
5,80,2236,0.109540
5,81,2237,0.107979
5,82,2238,0.104977
5,83,2239,0.108758
5,84,2240,0.106329
5,85,2241,0.107557
5,86,2242,0.104509
5,87,2243,0.109172
5,88,2244,0.107779
5,89,2245,0.106477
5,90,2246,0.106194
5,91,2247,0.107858
5,92,2248,0.107928
5,93,2249,0.107238
5,94,2250,0.103759
5,95,2251,0.106999
5,96,2252,0.105513
5,97,2253,0.106927
5,98,2254,0.107795
5,99,2255,0.105286
5,100,2256,0.105702
5,101,2257,0.110981
5,102,2258,0.106539
5,103,2259,0.106127
5,104,2260,0.105187
5,105,2261,0.108528
5,106,2262,0.109081
5,107,2263,0.107249
5,108,2264,0.113514
5,109,2265,0.109277
5,110,2266,0.112887
5,111,2267,0.106372
5,112,2268,0.105927
5,113,2269,0.108116
5,114,2270,0.107929
5,115,2271,0.108633
5,116,2272,0.105437
5,117,2273,0.107982
5,118,2274,0.104810
5,119,2275,0.112878
5,120,2276,0.105313
5,121,2277,0.103804
5,122,2278,0.106184
5,123,2279,0.103624
5,124,2280,0.107917
5,125,2281,0.107952
5,126,2282,0.107341
5,127,2283,0.110310
5,128,2284,0.106663
5,129,2285,0.109368
5,130,2286,0.109038
5,131,2287,0.104895
5,132,2288,0.107047
5,133,2289,0.107015
5,134,2290,0.107671
5,135,2291,0.105706
5,136,2292,0.106548
5,137,2293,0.106189
5,138,2294,0.106963
5,139,2295,0.105862
5,140,2296,0.107287
5,141,2297,0.112352
5,142,2298,0.107047
5,143,2299,0.108211
5,144,2300,0.106685
5,145,2301,0.106534
5,146,2302,0.104902
5,147,2303,0.106770
5,148,2304,0.102115
5,149,2305,0.106143
5,150,2306,0.107951
5,151,2307,0.107171
5,152,2308,0.107057
5,153,2309,0.106196
5,154,2310,0.106146
5,155,2311,0.106246
5,156,2312,0.112119
5,157,2313,0.108327
5,158,2314,0.107490
5,159,2315,0.106977
5,160,2316,0.106350
5,161,2317,0.106964
5,162,2318,0.112292
5,163,2319,0.107181
5,164,2320,0.105489
5,165,2321,0.106169
5,166,2322,0.106308
5,167,2323,0.105588
5,168,2324,0.106278
5,169,2325,0.106343
5,170,2326,0.110245
5,171,2327,0.104125
5,172,2328,0.105990
5,173,2329,0.106802
5,174,2330,0.104754
5,175,2331,0.105718
5,176,2332,0.103701
5,177,2333,0.107597
5,178,2334,0.104086
5,179,2335,0.105411
5,180,2336,0.107164
5,181,2337,0.106332
5,182,2338,0.105927
5,183,2339,0.108297
5,184,2340,0.105380
5,185,2341,0.104788
5,186,2342,0.103785
5,187,2343,0.107586
5,188,2344,0.103315
5,189,2345,0.109317
5,190,2346,0.105612
5,191,2347,0.105513
5,192,2348,0.106250
5,193,2349,0.103367
5,194,2350,0.111538
5,195,2351,0.107007
5,196,2352,0.109151
5,197,2353,0.108244
5,198,2354,0.105685
5,199,2355,0.105955
5,200,2356,0.104736
5,201,2357,0.105723
5,202,2358,0.104949
5,203,2359,0.107203
5,204,2360,0.106503
5,205,2361,0.110727
5,206,2362,0.107506
5,207,2363,0.105943
5,208,2364,0.105531
5,209,2365,0.107307
5,210,2366,0.108370
5,211,2367,0.106195
5,212,2368,0.103840
5,213,2369,0.106594
5,214,2370,0.106828
5,215,2371,0.105486
5,216,2372,0.104299
5,217,2373,0.107581
5,218,2374,0.108803
5,219,2375,0.104627
5,220,2376,0.110445
5,221,2377,0.104057
5,222,2378,0.104859
5,223,2379,0.111330
5,224,2380,0.105150
5,225,2381,0.105443
5,226,2382,0.108646
5,227,2383,0.106299
5,228,2384,0.105175
5,229,2385,0.106101
5,230,2386,0.103932
5,231,2387,0.113024
5,232,2388,0.108920
5,233,2389,0.105458
5,234,2390,0.106426
5,235,2391,0.107249
5,236,2392,0.104545
5,237,2393,0.106522
5,238,2394,0.103877
5,239,2395,0.106568
5,240,2396,0.107384
5,241,2397,0.104671
5,242,2398,0.105688
5,243,2399,0.106566
5,244,2400,0.107242
5,245,2401,0.104228
5,246,2402,0.105675
5,247,2403,0.109349
5,248,2404,0.111907
5,249,2405,0.107551
5,250,2406,0.107065
5,251,2407,0.105567
5,252,2408,0.106013
5,253,2409,0.103969
5,254,2410,0.106164
5,255,2411,0.108316
5,256,2412,0.103963
5,257,2413,0.108515
5,258,2414,0.108354
5,259,2415,0.108428
5,260,2416,0.106113
5,261,2417,0.109363
5,262,2418,0.104786
5,263,2419,0.107727
5,264,2420,0.107843
5,265,2421,0.107825
5,266,2422,0.106942
5,267,2423,0.105763
5,268,2424,0.108994
5,269,2425,0.106567
5,270,2426,0.108391
5,271,2427,0.105865
5,272,2428,0.109377
5,273,2429,0.107324
5,274,2430,0.105002
5,275,2431,0.105613
5,276,2432,0.107944
5,277,2433,0.107541
5,278,2434,0.107844
5,279,2435,0.108020
5,280,2436,0.106685
5,281,2437,0.106659
5,282,2438,0.107229
5,283,2439,0.105650
5,284,2440,0.108130
5,285,2441,0.106145
5,286,2442,0.107509
5,287,2443,0.107886
5,288,2444,0.104989
5,289,2445,0.108090
5,290,2446,0.106666
5,291,2447,0.109047
5,292,2448,0.106821
5,293,2449,0.107709
5,294,2450,0.106323
5,295,2451,0.107670
5,296,2452,0.114290
5,297,2453,0.107186
5,298,2454,0.105707
5,299,2455,0.105262
5,300,2456,0.108199
5,301,2457,0.106113
5,302,2458,0.108249
5,303,2459,0.105464
5,304,2460,0.107008
5,305,2461,0.106261
5,306,2462,0.105885
5,307,2463,0.105155
5,308,2464,0.105465
5,309,2465,0.107358
5,310,2466,0.108151
5,311,2467,0.108048
5,312,2468,0.107441
5,313,2469,0.106704
5,314,2470,0.105239
5,315,2471,0.106733
5,316,2472,0.113073
5,317,2473,0.107037
5,318,2474,0.107346
5,319,2475,0.107273
5,320,2476,0.104692
5,321,2477,0.110644
5,322,2478,0.107599
5,323,2479,0.109665
5,324,2480,0.106369
5,325,2481,0.113127
5,326,2482,0.106146
5,327,2483,0.107672
5,328,2484,0.106408
5,329,2485,0.106451
5,330,2486,0.108571
5,331,2487,0.108075
5,332,2488,0.107046
5,333,2489,0.106359
5,334,2490,0.106040
5,335,2491,0.105107
5,336,2492,0.106366
5,337,2493,0.106014
5,338,2494,0.106686
5,339,2495,0.104379
5,340,2496,0.104688
5,341,2497,0.105188
5,342,2498,0.105723
5,343,2499,0.106672
5,344,2500,0.106951
5,345,2501,0.106534
5,346,2502,0.107265
5,347,2503,0.106871
5,348,2504,0.103636
5,349,2505,0.106088
5,350,2506,0.109180
5,351,2507,0.106544
5,352,2508,0.108032
5,353,2509,0.107025
5,354,2510,0.104323
5,355,2511,0.106739
5,356,2512,0.107183
5,357,2513,0.107172
5,358,2514,0.111210
5,359,2515,0.103348
5,360,2516,0.105100
5,361,2517,0.105212
5,362,2518,0.109256
5,363,2519,0.115223
5,364,2520,0.108072
5,365,2521,0.106421
5,366,2522,0.108354
5,367,2523,0.107529
5,368,2524,0.105090
5,369,2525,0.109305
5,370,2526,0.105682
5,371,2527,0.106594
5,372,2528,0.106606
5,373,2529,0.106932
5,374,2530,0.104532
5,375,2531,0.105792
5,376,2532,0.104734
5,377,2533,0.107099
5,378,2534,0.105117
5,379,2535,0.104525
5,380,2536,0.109940
5,381,2537,0.109869
5,382,2538,0.107270
5,383,2539,0.108752
5,384,2540,0.105159
5,385,2541,0.109813
5,386,2542,0.105779
5,387,2543,0.110749
5,388,2544,0.106485
5,389,2545,0.105081
5,390,2546,0.106400
5,391,2547,0.109346
5,392,2548,0.110944
5,393,2549,0.115397
5,394,2550,0.106653
5,395,2551,0.111648
5,396,2552,0.105018
5,397,2553,0.107920
5,398,2554,0.108021
5,399,2555,0.104018
5,400,2556,0.109020
5,401,2557,0.105638
5,402,2558,0.104653
5,403,2559,0.113753
5,404,2560,0.108364
5,405,2561,0.104790
5,406,2562,0.105315
5,407,2563,0.110273
5,408,2564,0.105628
5,409,2565,0.106316
5,410,2566,0.103761
5,411,2567,0.107063
5,412,2568,0.103084
5,413,2569,0.105342
5,414,2570,0.103814
5,415,2571,0.105702
5,416,2572,0.106528
5,417,2573,0.107126
5,418,2574,0.104844
5,419,2575,0.107199
5,420,2576,0.107361
5,421,2577,0.104467
5,422,2578,0.107309
5,423,2579,0.105330
5,424,2580,0.107791
5,425,2581,0.113084
5,426,2582,0.107964
5,427,2583,0.107131
5,428,2584,0.109011
5,429,2585,0.106529
5,430,2586,0.106651
5,431,2587,0.105677
5,432,2588,0.109247
5,433,2589,0.112272
5,434,2590,0.106232
5,435,2591,0.106260
5,436,2592,0.105515
5,437,2593,0.107520
5,438,2594,0.113366
5,439,2595,0.104309
5,440,2596,0.103914
5,441,2597,0.105067
5,442,2598,0.107407
5,443,2599,0.110357
5,444,2600,0.106451
5,445,2601,0.106592
5,446,2602,0.106300
5,447,2603,0.106895
5,448,2604,0.108418
5,449,2605,0.112962
5,450,2606,0.108404
5,451,2607,0.106273
5,452,2608,0.106933
5,453,2609,0.107376
5,454,2610,0.105034
5,455,2611,0.106063
5,456,2612,0.106610
5,457,2613,0.106619
5,458,2614,0.103721
5,459,2615,0.109007
5,460,2616,0.108981
5,461,2617,0.107167
5,462,2618,0.107454
5,463,2619,0.105749
5,464,2620,0.108753
5,465,2621,0.104069
5,466,2622,0.112163
5,467,2623,0.103980
5,468,2624,0.107039
5,469,2625,0.105900
5,470,2626,0.107050
5,471,2627,0.105052
5,472,2628,0.109551
5,473,2629,0.106930
5,474,2630,0.106920
5,475,2631,0.105195
5,476,2632,0.104006
5,477,2633,0.105381
5,478,2634,0.106706
5,479,2635,0.107902
5,480,2636,0.104880
5,481,2637,0.111768
5,482,2638,0.109081
5,483,2639,0.105988
5,484,2640,0.106188
5,485,2641,0.103937
5,486,2642,0.105832
5,487,2643,0.106250
5,488,2644,0.106705
5,489,2645,0.102448
5,490,2646,0.106941
5,491,2647,0.108455
5,492,2648,0.103499
5,493,2649,0.105576
5,494,2650,0.106642
5,495,2651,0.108234
5,496,2652,0.105737
5,497,2653,0.109458
5,498,2654,0.106661
5,499,2655,0.105130
5,500,2656,0.104434
5,501,2657,0.107708
5,502,2658,0.106384
5,503,2659,0.113474
5,504,2660,0.102790
5,505,2661,0.104631
5,506,2662,0.105997
5,507,2663,0.106068
5,508,2664,0.108765
5,509,2665,0.107989
5,510,2666,0.105264
5,511,2667,0.110097
5,512,2668,0.106235
5,513,2669,0.107609
5,514,2670,0.106624
5,515,2671,0.106317
5,516,2672,0.106132
5,517,2673,0.107317
5,518,2674,0.105217
5,519,2675,0.106041
5,520,2676,0.103395
5,521,2677,0.103767
5,522,2678,0.109762
5,523,2679,0.106594
5,524,2680,0.102879
5,525,2681,0.110014
5,526,2682,0.105755
5,527,2683,0.107365
5,528,2684,0.105291
5,529,2685,0.108198
5,530,2686,0.104355
5,531,2687,0.106406
5,532,2688,0.105206
5,533,2689,0.107605
5,534,2690,0.107728
5,535,2691,0.107967
5,536,2692,0.110448
5,537,2693,0.104774
5,538,2694,0.106317
5,539,2695,0.105317
